program_key,program_title,training_level,family_code,family_name,occupation_id,cno11_code,occupation_label,relationship_type,source_url,source_quote,reviewed_at,mapping_version
"ADG01B","Servicios Administrativos","basic","ADG","Administración y Gestión","occupation:cno11:4411","4411","Empleados de información al usuario","official_output","https://www.boe.es/eli/es/rd/2014/02/28/127","Auxiliar de información.","2026-08-12","1.0.0"
"ADG01M","Gestión Administrativa","intermediate","ADG","Administración y Gestión","occupation:cno11:4113","4113","Empleados de oficina de servicios estadísticos, financieros y bancarios","official_output","https://www.boe.es/eli/es/rd/2009/10/30/1631","Empleado de tesorería.","2026-08-12","1.0.0"
"ADG01MD","Gestión Administrativa (distancia)","intermediate","ADG","Administración y Gestión","occupation:cno11:4113","4113","Empleados de oficina de servicios estadísticos, financieros y bancarios","official_output","https://www.boe.es/eli/es/rd/2009/10/30/1631","Empleado de tesorería.","2026-08-12","1.0.0"
"ADG01S","Asistencia a la Dirección","higher","ADG","Administración y Gestión","occupation:cno11:4223","4223","Empleados de servicio de personal","reviewed_relationship","https://www.todofp.es/que-estudiar/familias-profesionales/administracion-gestion/asistencia-direccion.html","Asistente en departamentos de Recursos Humanos.","2026-08-13","1.0.0"
"ADG02S","Administración y Finanzas","higher","ADG","Administración y Gestión","occupation:cno11:4111","4111","Empleados de contabilidad","official_output","https://www.todofp.es/que-estudiar/familias-profesionales/administracion-gestion/administracion-finanzas.html","Administrativa / administrativo contable.","2026-08-12","1.0.0"
"ADG02S","Administración y Finanzas","higher","ADG","Administración y Gestión","occupation:cno11:4113","4113","Empleados de oficina de servicios estadísticos, financieros y bancarios","official_output","https://www.todofp.es/que-estudiar/familias-profesionales/administracion-gestion/administracion-finanzas.html","Administrativa / administrativo de banca y de seguros.","2026-08-12","1.0.0"
"ADG02S","Administración y Finanzas","higher","ADG","Administración y Gestión","occupation:cno11:4123","4123","Empleados de logística y transporte de pasajeros y mercancías","official_output","https://www.todofp.es/que-estudiar/familias-profesionales/administracion-gestion/administracion-finanzas.html","Administrativa / administrativo de logística.","2026-08-12","1.0.0"
"ADG02S","Administración y Finanzas","higher","ADG","Administración y Gestión","occupation:cno11:4223","4223","Empleados de servicio de personal","official_output","https://www.todofp.es/que-estudiar/familias-profesionales/administracion-gestion/administracion-finanzas.html","Administrativa / administrativo de recursos humanos.","2026-08-12","1.0.0"
"ADG02SD","Administración y Finanzas (distancia)","higher","ADG","Administración y Gestión","occupation:cno11:4111","4111","Empleados de contabilidad","official_output","https://www.todofp.es/que-estudiar/familias-profesionales/administracion-gestion/administracion-finanzas.html","Administrativa / administrativo contable.","2026-08-12","1.0.0"
"ADG02SD","Administración y Finanzas (distancia)","higher","ADG","Administración y Gestión","occupation:cno11:4113","4113","Empleados de oficina de servicios estadísticos, financieros y bancarios","official_output","https://www.todofp.es/que-estudiar/familias-profesionales/administracion-gestion/administracion-finanzas.html","Administrativa / administrativo de banca y de seguros.","2026-08-12","1.0.0"
"ADG02SD","Administración y Finanzas (distancia)","higher","ADG","Administración y Gestión","occupation:cno11:4123","4123","Empleados de logística y transporte de pasajeros y mercancías","official_output","https://www.todofp.es/que-estudiar/familias-profesionales/administracion-gestion/administracion-finanzas.html","Administrativa / administrativo de logística.","2026-08-12","1.0.0"
"ADG02SD","Administración y Finanzas (distancia)","higher","ADG","Administración y Gestión","occupation:cno11:4223","4223","Empleados de servicio de personal","official_output","https://www.todofp.es/que-estudiar/familias-profesionales/administracion-gestion/administracion-finanzas.html","Administrativa / administrativo de recursos humanos.","2026-08-12","1.0.0"
"AFD01S","Enseñanza y Animación Sociodeportiva","higher","AFD","Actividades Físicas y Deportivas","occupation:cno11:3722","3722","Entrenadores y árbitros de actividades deportivas","official_output","https://www.todofp.es/que-estudiar/familias-profesionales/actividades-fisicas-deportivas/ensenanza-animacion-sociodeportiva.html","Cronometrador / cronometradora, juez / jueza y árbitra / árbitro de competiciones deportivas no oficiales.","2026-08-12","1.0.0"
"AFD01S","Enseñanza y Animación Sociodeportiva","higher","AFD","Actividades Físicas y Deportivas","occupation:cno11:3723","3723","Instructores de actividades deportivas","official_output","https://www.boe.es/eli/es/rd/2017/06/23/653","Profesor/a de actividades físico-deportivas.","2026-08-12","1.0.0"
"AFD01S","Enseñanza y Animación Sociodeportiva","higher","AFD","Actividades Físicas y Deportivas","occupation:cno11:3724","3724","Monitores de actividades recreativas y de entretenimiento","official_output","https://www.todofp.es/que-estudiar/familias-profesionales/actividades-fisicas-deportivas/ensenanza-animacion-sociodeportiva.html","Animador / animadora de veladas, espectáculos y actividades recreativas en instalaciones turísticas.","2026-08-12","1.0.0"
"AFD01S","Enseñanza y Animación Sociodeportiva","higher","AFD","Actividades Físicas y Deportivas","occupation:cno11:5992","5992","Bañistas-socorristas","official_output","https://www.boe.es/eli/es/rd/2017/06/23/653","Socorrista en instalaciones acuáticas.","2026-08-12","1.0.0"
"AFD01SD","Enseñanza y Animación Sociodeportiva (distancia)","higher","AFD","Actividades Físicas y Deportivas","occupation:cno11:3722","3722","Entrenadores y árbitros de actividades deportivas","official_output","https://www.todofp.es/que-estudiar/familias-profesionales/actividades-fisicas-deportivas/ensenanza-animacion-sociodeportiva.html","Cronometrador / cronometradora, juez / jueza y árbitra / árbitro de competiciones deportivas no oficiales.","2026-08-12","1.0.0"
"AFD01SD","Enseñanza y Animación Sociodeportiva (distancia)","higher","AFD","Actividades Físicas y Deportivas","occupation:cno11:3723","3723","Instructores de actividades deportivas","official_output","https://www.boe.es/eli/es/rd/2017/06/23/653","Profesor/a de actividades físico-deportivas.","2026-08-12","1.0.0"
"AFD01SD","Enseñanza y Animación Sociodeportiva (distancia)","higher","AFD","Actividades Físicas y Deportivas","occupation:cno11:3724","3724","Monitores de actividades recreativas y de entretenimiento","official_output","https://www.todofp.es/que-estudiar/familias-profesionales/actividades-fisicas-deportivas/ensenanza-animacion-sociodeportiva.html","Animador / animadora de veladas, espectáculos y actividades recreativas en instalaciones turísticas.","2026-08-12","1.0.0"
"AFD01SD","Enseñanza y Animación Sociodeportiva (distancia)","higher","AFD","Actividades Físicas y Deportivas","occupation:cno11:5992","5992","Bañistas-socorristas","official_output","https://www.boe.es/eli/es/rd/2017/06/23/653","Socorrista en instalaciones acuáticas.","2026-08-12","1.0.0"
"AFD02M","Guía en el medio natural y de tiempo libre","intermediate","AFD","Actividades Físicas y Deportivas","occupation:cno11:3723","3723","Instructores de actividades deportivas","reviewed_relationship","https://www.todofp.es/que-estudiar/familias-profesionales/actividades-fisicas-deportivas/guia-medio-natural-tiempo-libre.html","Diseñar y organizar actividades físico-deportivas recreativas guiadas por el medio natural.","2026-08-13","1.0.0"
"AFD02M","Guía en el medio natural y de tiempo libre","intermediate","AFD","Actividades Físicas y Deportivas","occupation:cno11:3724","3724","Monitores de actividades recreativas y de entretenimiento","official_output","https://www.todofp.es/que-estudiar/familias-profesionales/actividades-fisicas-deportivas/guia-medio-natural-tiempo-libre.html","Monitor de campamentos, de albergues de juventud, de casas de colonias, de granjas-escuelas, y de aulas y escuelas de naturaleza.","2026-08-13","1.0.0"
"AFD02S","Acondicionamiento Físico","higher","AFD","Actividades Físicas y Deportivas","occupation:cno11:3723","3723","Instructores de actividades deportivas","official_output","https://www.boe.es/boe/dias/2017/07/08/pdfs/BOE-A-2017-7981.pdf","Entrenador/a personal.","2026-08-21","1.0.0"
"AFD02SD","Acondicionamiento Físico (distancia)","higher","AFD","Actividades Físicas y Deportivas","occupation:cno11:3723","3723","Instructores de actividades deportivas","official_output","https://www.boe.es/boe/dias/2017/07/08/pdfs/BOE-A-2017-7981.pdf","Entrenador/a personal.","2026-08-21","1.0.0"
"AGA01B","Agro-jardinería y Composiciones Florales","basic","AGA","Agraria","occupation:cno11:5220","5220","Vendedores en tiendas y almacenes","reviewed_relationship","https://www.todofp.es/que-estudiar/familias-profesionales/agraria/agrojardineria-composiciones-florales.html","Auxiliar de ventas en floristería.","2026-08-13","1.0.0"
"AGA01M","Producción Agroecológica","intermediate","AGA","Agraria","occupation:cno11:6110","6110","Trabajadores cualificados en actividades agrícolas (excepto en huertas, invernaderos, viveros y jardines)","official_output","https://www.boe.es/eli/es/rd/2009/10/30/1633","Agricultor ecológico.","2026-08-21","1.0.0"
"AGA01M","Producción Agroecológica","intermediate","AGA","Agraria","occupation:cno11:6120","6120","Trabajadores cualificados en huertas, invernaderos, viveros y jardines","official_output","https://www.boe.es/eli/es/rd/2009/10/30/1633","Viverista ecológico.","2026-08-21","1.0.0"
"AGA01M","Producción Agroecológica","intermediate","AGA","Agraria","occupation:cno11:6204","6204","Trabajadores cualificados en apicultura y sericicultura","official_output","https://www.boe.es/eli/es/rd/2009/10/30/1633","Apicultor ecológico.","2026-08-21","1.0.0"
"AGA01M","Producción Agroecológica","intermediate","AGA","Agraria","occupation:cno11:6205","6205","Trabajadores cualificados en la avicultura y la cunicultura","official_output","https://www.boe.es/eli/es/rd/2009/10/30/1633","Avicultor ecológico.","2026-08-21","1.0.0"
"AGA01M","Producción Agroecológica","intermediate","AGA","Agraria","occupation:cno11:6300","6300","Trabajadores cualificados en actividades agropecuarias mixtas","official_output","https://www.boe.es/eli/es/rd/2009/10/30/1633","Trabajador cualificado por cuenta ajena en cultivos y ganadería ecológica.","2026-08-21","1.0.0"
"AGA01M","Producción Agroecológica","intermediate","AGA","Agraria","occupation:cno11:8321","8321","Operadores de maquinaria agrícola móvil","official_output","https://www.boe.es/eli/es/rd/2009/10/30/1633","Operador de maquinaria agrícola y ganadera.","2026-08-21","1.0.0"
"AGA01S","Gestión Forestal y del Medio Natural","higher","AGA","Agraria","occupation:cno11:5993","5993","Agentes forestales y medioambientales","official_output","https://www.todofp.es/que-estudiar/familias-profesionales/agraria/gestion-forestal-medio-natural.html","Agente forestal o similar.","2026-08-21","1.0.0"
"AGA02M","Producción Agropecuaria","intermediate","AGA","Agraria","occupation:cno11:6110","6110","Trabajadores cualificados en actividades agrícolas (excepto en huertas, invernaderos, viveros y jardines)","official_output","https://www.boe.es/eli/es/rd/2009/10/30/1634","Agricultor.","2026-08-21","1.0.0"
"AGA02M","Producción Agropecuaria","intermediate","AGA","Agraria","occupation:cno11:6120","6120","Trabajadores cualificados en huertas, invernaderos, viveros y jardines","official_output","https://www.boe.es/eli/es/rd/2009/10/30/1634","Horticultor.","2026-08-21","1.0.0"
"AGA02M","Producción Agropecuaria","intermediate","AGA","Agraria","occupation:cno11:6204","6204","Trabajadores cualificados en apicultura y sericicultura","official_output","https://www.boe.es/eli/es/rd/2009/10/30/1634","Apicultor.","2026-08-21","1.0.0"
"AGA02M","Producción Agropecuaria","intermediate","AGA","Agraria","occupation:cno11:6205","6205","Trabajadores cualificados en la avicultura y la cunicultura","official_output","https://www.boe.es/eli/es/rd/2009/10/30/1634","Avicultor.","2026-08-21","1.0.0"
"AGA02M","Producción Agropecuaria","intermediate","AGA","Agraria","occupation:cno11:6300","6300","Trabajadores cualificados en actividades agropecuarias mixtas","official_output","https://www.boe.es/eli/es/rd/2009/10/30/1634","Trabajador cualificado por cuenta ajena en cultivos y ganadería.","2026-08-21","1.0.0"
"AGA02M","Producción Agropecuaria","intermediate","AGA","Agraria","occupation:cno11:8321","8321","Operadores de maquinaria agrícola móvil","official_output","https://www.boe.es/eli/es/rd/2009/10/30/1634","Operador de maquinaria agrícola y ganadera.","2026-08-21","1.0.0"
"AGA03B","Aprovechamientos Forestales","basic","AGA","Agraria","occupation:cno11:9511","9511","Peones agrícolas (excepto en huertas, invernaderos, viveros y jardines)","official_output","https://www.todofp.es/que-estudiar/familias-profesionales/agraria/aprovechamientos-forestales.html","Peón en cultivos herbáceos.","2026-08-21","1.0.0"
"AGA03B","Aprovechamientos Forestales","basic","AGA","Agraria","occupation:cno11:9512","9512","Peones agrícolas en huertas, invernaderos, viveros y jardines","official_output","https://www.todofp.es/que-estudiar/familias-profesionales/agraria/aprovechamientos-forestales.html","Peón de vivero.","2026-08-21","1.0.0"
"AGA03B","Aprovechamientos Forestales","basic","AGA","Agraria","occupation:cno11:9530","9530","Peones agropecuarios","official_output","https://www.todofp.es/que-estudiar/familias-profesionales/agraria/aprovechamientos-forestales.html","Peón agropecuario.","2026-08-21","1.0.0"
"AGA03B","Aprovechamientos Forestales","basic","AGA","Agraria","occupation:cno11:9543","9543","Peones forestales y de la caza","official_output","https://www.todofp.es/que-estudiar/familias-profesionales/agraria/aprovechamientos-forestales.html","Peón forestal.","2026-08-21","1.0.0"
"AGA03M","Jardinería y Floristería","intermediate","AGA","Agraria","occupation:cno11:6120","6120","Trabajadores cualificados en huertas, invernaderos, viveros y jardines","reviewed_relationship","https://www.todofp.es/que-estudiar/familias-profesionales/agraria/jardineria-floristeria.html","Trabajador / trabajadora de huertas, viveros y jardines.","2026-08-22","1.0.0"
"AGA03S","Ganadería y Asistencia en Sanidad Animal","higher","AGA","Agraria","occupation:cno11:2640","2640","Profesionales de ventas técnicas y médicas (excepto las TIC)","official_output","https://www.todofp.es/que-estudiar/familias-profesionales/agraria/ganaderia-asistencia-sanidad-animal.html","Visitador / visitadora de productos de veterinaria.","2026-08-14","1.0.0"
"AGA04M","Aprovechamiento y Conservación del Medio Natural","intermediate","AGA","Agraria","occupation:cno11:6120","6120","Trabajadores cualificados en huertas, invernaderos, viveros y jardines","official_output","https://www.todofp.es/que-estudiar/familias-profesionales/agraria/aprovechamiento-conservacion-medio-natural.html","Viverista.","2026-08-14","1.0.0"
"AGA04M","Aprovechamiento y Conservación del Medio Natural","intermediate","AGA","Agraria","occupation:cno11:8321","8321","Operadores de maquinaria agrícola móvil","official_output","https://www.todofp.es/que-estudiar/familias-profesionales/agraria/aprovechamiento-conservacion-medio-natural.html","Tractorista.","2026-08-14","1.0.0"
"ARG01M","Preimpresión Digital","intermediate","ARG","Artes Gráficas","occupation:cno11:7621","7621","Trabajadores de procesos de preimpresión","reviewed_relationship","https://www.todofp.es/que-estudiar/familias-profesionales/artes-graficas/preimpresion-digital.html","Técnica / técnico en preimpresión.","2026-08-22","1.0.0"
"COM01B","Servicios Comerciales","basic","COM","Comercio y Marketing","occupation:cno11:4121","4121","Empleados de control de abastecimientos e inventario","official_output","https://www.ine.es/daco/daco42/clasificaciones/cno11_notas.pdf","4121 Empleados de control de abastecimientos e inventario","2026-08-11","1.0.0"
"COM01B","Servicios Comerciales","basic","COM","Comercio y Marketing","occupation:cno11:4123","4123","Empleados de logística y transporte de pasajeros y mercancías","official_output","https://www.ine.es/daco/daco42/clasificaciones/cno11_notas.pdf","4123 Empleados de logística y transporte de pasajeros y mercancías","2026-08-11","1.0.0"
"COM01B","Servicios Comerciales","basic","COM","Comercio y Marketing","occupation:cno11:5220","5220","Vendedores en tiendas y almacenes","official_output","https://www.ine.es/daco/daco42/clasificaciones/cno11_notas.pdf","5220 Vendedores en tiendas y almacenes","2026-08-11","1.0.0"
"COM01B","Servicios Comerciales","basic","COM","Comercio y Marketing","occupation:cno11:5492","5492","Promotores de venta","official_output","https://www.ine.es/daco/daco42/clasificaciones/cno11_notas.pdf","5492 Promotores de venta","2026-08-11","1.0.0"
"COM01B","Servicios Comerciales","basic","COM","Comercio y Marketing","occupation:cno11:5500","5500","Cajeros y taquilleros (excepto bancos)","official_output","https://www.ine.es/daco/daco42/clasificaciones/cno11_notas.pdf","5500 Cajeros y taquilleros (excepto bancos)","2026-08-11","1.0.0"
"COM01B","Servicios Comerciales","basic","COM","Comercio y Marketing","occupation:cno11:8333","8333","Operadores de carretillas elevadoras","official_output","https://www.ine.es/daco/daco42/clasificaciones/cno11_notas.pdf","8333 Operadores de carretillas elevadoras","2026-08-11","1.0.0"
"COM01B","Servicios Comerciales","basic","COM","Comercio y Marketing","occupation:cno11:9820","9820","Reponedores","official_output","https://www.ine.es/daco/daco42/clasificaciones/cno11_notas.pdf","9820 Reponedores","2026-08-11","1.0.0"
"COM01M","Actividades Comerciales","intermediate","COM","Comercio y Marketing","occupation:cno11:1432","1432","Directores y gerentes de empresas de comercio al por menor","official_output","https://www.todofp.es/que-estudiar/familias-profesionales/comercio-marketing/actividades-comerciales.html","Gerente de pequeño comercio.","2026-08-12","1.0.0"
"COM01M","Actividades Comerciales","intermediate","COM","Comercio y Marketing","occupation:cno11:3510","3510","Agentes y representantes comerciales","official_output","https://www.todofp.es/que-estudiar/familias-profesionales/comercio-marketing/actividades-comerciales.html","Representante comercial.","2026-08-12","1.0.0"
"COM01M","Actividades Comerciales","intermediate","COM","Comercio y Marketing","occupation:cno11:4424","4424","Teleoperadores","official_output","https://www.todofp.es/que-estudiar/familias-profesionales/comercio-marketing/actividades-comerciales.html","Teleoperador / teleoperadora (Call-Center).","2026-08-12","1.0.0"
"COM01M","Actividades Comerciales","intermediate","COM","Comercio y Marketing","occupation:cno11:5420","5420","Operadores de telemarketing","official_output","https://www.todofp.es/que-estudiar/familias-profesionales/comercio-marketing/actividades-comerciales.html","Televendedor / televendedora.","2026-08-12","1.0.0"
"COM01M","Actividades Comerciales","intermediate","COM","Comercio y Marketing","occupation:cno11:5492","5492","Promotores de venta","official_output","https://www.todofp.es/que-estudiar/familias-profesionales/comercio-marketing/actividades-comerciales.html","Promotor / promotora.","2026-08-12","1.0.0"
"COM01M","Actividades Comerciales","intermediate","COM","Comercio y Marketing","occupation:cno11:5500","5500","Cajeros y taquilleros (excepto bancos)","official_output","https://www.todofp.es/que-estudiar/familias-profesionales/comercio-marketing/actividades-comerciales.html","Cajera / cajero.","2026-08-12","1.0.0"
"COM01M","Actividades Comerciales","intermediate","COM","Comercio y Marketing","occupation:cno11:9820","9820","Reponedores","official_output","https://www.todofp.es/que-estudiar/familias-profesionales/comercio-marketing/actividades-comerciales.html","Reponedor / reponedora.","2026-08-12","1.0.0"
"COM02E","Redacción de contenidos digitales para marketing y ventas","specialization","COM","Comercio y Marketing","occupation:cno11:1221","1221","Directores comerciales y de ventas","reviewed_relationship","https://www.boe.es/eli/es/rd/2024/02/06/144","Directores de marketing digital, de programas de afiliación, de contenidos digitales, de proyectos digitales y de comercio electrónico.","2026-08-21","1.0.0"
"COM02E","Redacción de contenidos digitales para marketing y ventas","specialization","COM","Comercio y Marketing","occupation:cno11:2651","2651","Profesionales de la publicidad y la comercialización","reviewed_relationship","https://www.boe.es/eli/es/rd/2024/02/06/144","Copywriter, Redactor publicitario digital y Redactor de contenidos para marketing y ventas.","2026-08-21","1.0.0"
"COM02M","Comercialización de Productos Alimentarios","intermediate","COM","Comercio y Marketing","occupation:cno11:5210","5210","Jefes de sección de tiendas y almacenes","official_output","https://www.boe.es/eli/es/rd/189/2018","Responsable/encargado de sección/sala/departamento de tienda de alimentación.","2026-08-09","1.0.0"
"COM02M","Comercialización de Productos Alimentarios","intermediate","COM","Comercio y Marketing","occupation:cno11:5220","5220","Vendedores en tiendas y almacenes","official_output","https://www.boe.es/eli/es/rd/189/2018","Vendedor/a de productos alimentarios.","2026-08-09","1.0.0"
"COM02S","Transporte y Logística","higher","COM","Comercio y Marketing","occupation:cno11:3510","3510","Agentes y representantes comerciales","reviewed_relationship","https://www.todofp.es/que-estudiar/familias-profesionales/comercio-marketing/transporte-logistica.html","Comercial de servicios de transporte por carretera.","2026-08-13","1.0.0"
"COM02S","Transporte y Logística","higher","COM","Comercio y Marketing","occupation:cno11:3523","3523","Consignatarios","official_output","https://www.todofp.es/que-estudiar/familias-profesionales/comercio-marketing/transporte-logistica.html","Consignatario / consignataria de buques.","2026-08-13","1.0.0"
"COM02S","Transporte y Logística","higher","COM","Comercio y Marketing","occupation:cno11:4123","4123","Empleados de logística y transporte de pasajeros y mercancías","reviewed_relationship","https://www.todofp.es/que-estudiar/familias-profesionales/comercio-marketing/transporte-logistica.html","Operador / operadora logística.","2026-08-13","1.0.0"
"COM02S","Transporte y Logística","higher","COM","Comercio y Marketing","occupation:cno11:5210","5210","Jefes de sección de tiendas y almacenes","reviewed_relationship","https://www.todofp.es/que-estudiar/familias-profesionales/comercio-marketing/transporte-logistica.html","Jefa / jefe de almacén.","2026-08-13","1.0.0"
"COM02SD","Transporte y Logística (distancia)","higher","COM","Comercio y Marketing","occupation:cno11:3510","3510","Agentes y representantes comerciales","reviewed_relationship","https://www.todofp.es/que-estudiar/familias-profesionales/comercio-marketing/transporte-logistica.html","Comercial de servicios de transporte por carretera.","2026-08-13","1.0.0"
"COM02SD","Transporte y Logística (distancia)","higher","COM","Comercio y Marketing","occupation:cno11:3523","3523","Consignatarios","official_output","https://www.todofp.es/que-estudiar/familias-profesionales/comercio-marketing/transporte-logistica.html","Consignatario / consignataria de buques.","2026-08-13","1.0.0"
"COM02SD","Transporte y Logística (distancia)","higher","COM","Comercio y Marketing","occupation:cno11:4123","4123","Empleados de logística y transporte de pasajeros y mercancías","reviewed_relationship","https://www.todofp.es/que-estudiar/familias-profesionales/comercio-marketing/transporte-logistica.html","Operador / operadora logística.","2026-08-13","1.0.0"
"COM02SD","Transporte y Logística (distancia)","higher","COM","Comercio y Marketing","occupation:cno11:5210","5210","Jefes de sección de tiendas y almacenes","reviewed_relationship","https://www.todofp.es/que-estudiar/familias-profesionales/comercio-marketing/transporte-logistica.html","Jefa / jefe de almacén.","2026-08-13","1.0.0"
"COM03S","Gestión de Ventas y Espacios Comerciales","higher","COM","Comercio y Marketing","occupation:cno11:3510","3510","Agentes y representantes comerciales","reviewed_relationship","https://www.todofp.es/que-estudiar/familias-profesionales/comercio-marketing/gestion-ventas-espacios-comerciales.html","Agente comercial.","2026-08-13","1.0.0"
"COM03S","Gestión de Ventas y Espacios Comerciales","higher","COM","Comercio y Marketing","occupation:cno11:5210","5210","Jefes de sección de tiendas y almacenes","reviewed_relationship","https://www.todofp.es/que-estudiar/familias-profesionales/comercio-marketing/gestion-ventas-espacios-comerciales.html","Encargada / encargado de sección de un comercio.","2026-08-13","1.0.0"
"COM04S","Comercio Internacional","higher","COM","Comercio y Marketing","occupation:cno11:3522","3522","Agentes de compras","official_output","https://www.boe.es/boe/dias/2011/12/13/pdfs/BOE-A-2011-19439.pdf","Técnico en comercio exterior.","2026-08-21","1.0.0"
"COM04S","Comercio Internacional","higher","COM","Comercio y Marketing","occupation:cno11:3523","3523","Consignatarios","official_output","https://www.boe.es/boe/dias/2011/12/13/pdfs/BOE-A-2011-19439.pdf","Consignatario de buques.","2026-08-21","1.0.0"
"COM04S","Comercio Internacional","higher","COM","Comercio y Marketing","occupation:cno11:4123","4123","Empleados de logística y transporte de pasajeros y mercancías","official_output","https://www.boe.es/boe/dias/2011/12/13/pdfs/BOE-A-2011-19439.pdf","Transitario.","2026-08-21","1.0.0"
"COM04SD","Comercio Internacional (distancia)","higher","COM","Comercio y Marketing","occupation:cno11:3522","3522","Agentes de compras","official_output","https://www.boe.es/boe/dias/2011/12/13/pdfs/BOE-A-2011-19439.pdf","Técnico en comercio exterior.","2026-08-21","1.0.0"
"COM04SD","Comercio Internacional (distancia)","higher","COM","Comercio y Marketing","occupation:cno11:3523","3523","Consignatarios","official_output","https://www.boe.es/boe/dias/2011/12/13/pdfs/BOE-A-2011-19439.pdf","Consignatario de buques.","2026-08-21","1.0.0"
"COM04SD","Comercio Internacional (distancia)","higher","COM","Comercio y Marketing","occupation:cno11:4123","4123","Empleados de logística y transporte de pasajeros y mercancías","official_output","https://www.boe.es/boe/dias/2011/12/13/pdfs/BOE-A-2011-19439.pdf","Transitario.","2026-08-21","1.0.0"
"ELE01B","Electricidad y Electrónica","basic","ELE","Electricidad y Electrónica","occupation:cno11:7510","7510","Electricistas de la construcción y afines","official_output","https://www.boe.es/eli/es/rd/2014/02/28/127","Operario de instalaciones eléctricas de baja tensión.","2026-08-12","1.0.0"
"ELE01M","Instalaciones Eléctricas y Automáticas","intermediate","ELE","Electricidad y Electrónica","occupation:cno11:7510","7510","Electricistas de la construcción y afines","official_output","https://www.boe.es/eli/es/rd/2008/02/08/177","Electricista de construcción.","2026-08-20","1.0.0"
"ELE01S","Sistemas Electrotécnicos y Automatizados","higher","ELE","Electricidad y Electrónica","occupation:cno11:3123","3123","Técnicos en electricidad","reviewed_relationship","https://www.todofp.es/que-estudiar/familias-profesionales/electricidad-electronica/sistemas-electrotecnicos-automatizados.html","Técnica / técnico en proyectos electrotécnicos.","2026-08-13","1.0.0"
"ELE01S","Sistemas Electrotécnicos y Automatizados","higher","ELE","Electricidad y Electrónica","occupation:cno11:7510","7510","Electricistas de la construcción y afines","reviewed_relationship","https://www.todofp.es/que-estudiar/familias-profesionales/electricidad-electronica/sistemas-electrotecnicos-automatizados.html","Jefa / jefe de equipo de instaladores / instaladoras de baja tensión para edificios.","2026-08-13","1.0.0"
"ELE02B","Instalaciones Electrotécnicas y Mecánica","basic","ELE","Electricidad y Electrónica","occupation:cno11:7510","7510","Electricistas de la construcción y afines","reviewed_relationship","https://www.boe.es/eli/es/rd/2015/08/28/774","Operario de instalaciones eléctricas de baja tensión.","2026-08-21","1.0.0"
"ELE02B","Instalaciones Electrotécnicas y Mecánica","basic","ELE","Electricidad y Electrónica","occupation:cno11:7533","7533","Instaladores y reparadores en tecnologías de la información y las comunicaciones","reviewed_relationship","https://www.boe.es/eli/es/rd/2015/08/28/774","Ayudante de montador de antenas receptoras de televisión y satélites.","2026-08-21","1.0.0"
"ELE02B","Instalaciones Electrotécnicas y Mecánica","basic","ELE","Electricidad y Electrónica","occupation:cno11:9700","9700","Peones de las industrias manufactureras","official_output","https://www.boe.es/eli/es/rd/2015/08/28/774","Peones de industrias manufactureras.","2026-08-21","1.0.0"
"ELE02M","Instalaciones de Telecomunicaciones","intermediate","ELE","Electricidad y Electrónica","occupation:cno11:7533","7533","Instaladores y reparadores en tecnologías de la información y las comunicaciones","official_output","https://www.boe.es/eli/es/rd/2009/10/30/1632","Instalador de antenas.","2026-08-12","1.0.0"
"ELE02S","Sistemas de Telecomunicaciones e Informáticos","higher","ELE","Electricidad y Electrónica","occupation:cno11:3124","3124","Técnicos en electrónica (excepto electromedicina)","reviewed_relationship","https://www.todofp.es/que-estudiar/familias-profesionales/electricidad-electronica/sistemas-telecomunicaciones-informaticos.html","Técnica / técnico en supervisión, instalación, mantenimiento, verificación y control de equipos de sistemas de radiodifusión.","2026-08-13","1.0.0"
"ELE02S","Sistemas de Telecomunicaciones e Informáticos","higher","ELE","Electricidad y Electrónica","occupation:cno11:3811","3811","Técnicos en operaciones de sistemas informáticos","reviewed_relationship","https://www.todofp.es/que-estudiar/familias-profesionales/electricidad-electronica/sistemas-telecomunicaciones-informaticos.html","Especialista en integración, instalación y mantenimiento de equipos y sistemas informáticos.","2026-08-13","1.0.0"
"ELE02S","Sistemas de Telecomunicaciones e Informáticos","higher","ELE","Electricidad y Electrónica","occupation:cno11:3813","3813","Técnicos en redes","reviewed_relationship","https://www.todofp.es/que-estudiar/familias-profesionales/electricidad-electronica/sistemas-telecomunicaciones-informaticos.html","Técnica / técnico en supervisión, instalación, mantener, verificación y control en redes locales y sistemas telemáticos","2026-08-13","1.0.0"
"ELE02S","Sistemas de Telecomunicaciones e Informáticos","higher","ELE","Electricidad y Electrónica","occupation:cno11:7533","7533","Instaladores y reparadores en tecnologías de la información y las comunicaciones","reviewed_relationship","https://www.todofp.es/que-estudiar/familias-profesionales/electricidad-electronica/sistemas-telecomunicaciones-informaticos.html","Especialista en instalación, integración y mantenimiento de equipos y sistemas de telecomunicación.","2026-08-13","1.0.0"
"ELE03S","Mantenimiento Electrónico","higher","ELE","Electricidad y Electrónica","occupation:cno11:7531","7531","Mecánicos y reparadores de equipos electrónicos","official_output","https://www.ine.es/daco/daco42/clasificaciones/cno11_notas.pdf","7531 Técnicos de reparación de equipos electrónicos y de comunicaciones","2026-08-11","1.0.0"
"ELE04S","Automatización y Robótica Industrial","higher","ELE","Electricidad y Electrónica","occupation:cno11:3123","3123","Técnicos en electricidad","official_output","https://www.boe.es/eli/es/rd/2011/11/04/1581/dof/spa/pdf","Técnico de puesta en marcha de sistemas de automatización industrial.","2026-08-21","1.0.0"
"ELE04S","Automatización y Robótica Industrial","higher","ELE","Electricidad y Electrónica","occupation:cno11:3124","3124","Técnicos en electrónica (excepto electromedicina)","official_output","https://www.boe.es/eli/es/rd/2011/11/04/1581/dof/spa/pdf","Diseñador de circuitos y sistemas integrados en automatización industrial.","2026-08-21","1.0.0"
"ELE04S","Automatización y Robótica Industrial","higher","ELE","Electricidad y Electrónica","occupation:cno11:3129","3129","Otros técnicos de las ciencias físicas, químicas, medioambientales y de las ingenierías","official_output","https://www.boe.es/eli/es/rd/2011/11/04/1581/dof/spa/pdf","Técnico en organización de mantenimiento de sistemas de automatización industrial.","2026-08-21","1.0.0"
"ELE04S","Automatización y Robótica Industrial","higher","ELE","Electricidad y Electrónica","occupation:cno11:3139","3139","Técnicos en control de procesos no clasificados bajo otros epígrafes","official_output","https://www.boe.es/eli/es/rd/2011/11/04/1581/dof/spa/pdf","Programador-controlador de robots industriales.","2026-08-21","1.0.0"
"ELE04S","Automatización y Robótica Industrial","higher","ELE","Electricidad y Electrónica","occupation:cno11:3209","3209","Supervisores de otras industrias manufactureras","official_output","https://www.boe.es/eli/es/rd/2011/11/04/1581/dof/spa/pdf","Jefe de equipo de supervisión de montaje de sistemas de automatización industrial.","2026-08-21","1.0.0"
"ELE04S","Automatización y Robótica Industrial","higher","ELE","Electricidad y Electrónica","occupation:cno11:7521","7521","Mecánicos y reparadores de equipos eléctricos","official_output","https://www.boe.es/eli/es/rd/2011/11/04/1581/dof/spa/pdf","Verificador de aparatos, cuadros y equipos eléctricos.","2026-08-21","1.0.0"
"ELE05S","Electromedicina Clínica","higher","ELE","Electricidad y Electrónica","occupation:cno11:3125","3125","Técnicos en electrónica, especialidad en electromedicina","official_output","https://www.todofp.es/que-estudiar/familias-profesionales/electricidad-electronica/electromedicina-clinica.html","Técnica / técnico en electrónica, especialidad en electromedicina.","2026-08-22","1.0.0"
"ELE05S","Electromedicina Clínica","higher","ELE","Electricidad y Electrónica","occupation:cno11:7532","7532","Instaladores y reparadores en electromedicina","official_output","https://www.todofp.es/que-estudiar/familias-profesionales/electricidad-electronica/electromedicina-clinica.html","Instalador-reparador / instaladora-reparadora en electromedicina.","2026-08-22","1.0.0"
"ENA02S","Centrales Eléctricas","higher","ENA","Energía y Agua","occupation:cno11:3131","3131","Técnicos en instalaciones de producción de energía","reviewed_relationship","https://www.todofp.es/que-estudiar/familias-profesionales/energia-agua/centrales-electricas.html","Técnica / técnico de operación y mantenimiento de centrales hidroeléctricas.","2026-08-22","1.0.0"
"ENA03S","Energías Renovables","higher","ENA","Energía y Agua","occupation:cno11:3123","3123","Técnicos en electricidad","official_output","https://www.todofp.es/que-estudiar/familias-profesionales/energia-agua/energias-renovables.html","Operador-mantenedor / operadora-mantenedora de subestaciones eléctricas de instalaciones eólicas y fotovoltaicas.","2026-08-14","1.0.0"
"ENA03S","Energías Renovables","higher","ENA","Energía y Agua","occupation:cno11:7294","7294","Montadores-instaladores de placas de energía solar","official_output","https://www.todofp.es/que-estudiar/familias-profesionales/energia-agua/energias-renovables.html","Montador-operador / montadora-operadora de instalaciones solares fotovoltaicas.","2026-08-14","1.0.0"
"ENA04S","Gestión del agua","higher","ENA","Energía y Agua","occupation:cno11:3132","3132","Técnicos en instalaciones de tratamiento de residuos, de aguas y otros operadores en plantas similares","reviewed_relationship","https://www.todofp.es/que-estudiar/familias-profesionales/energia-agua/gestion-agua.html","Operador / operadora de planta de tratamiento de agua de abastecimiento.","2026-08-22","1.0.0"
"EOC01M","Construcción","intermediate","EOC","Edificación y Obra Civil","occupation:cno11:7111","7111","Encofradores y operarios de puesta en obra de hormigón","official_output","https://www.boe.es/eli/es/rd/2011/11/04/1575","– Encofrador.","2026-08-08","1.0.0"
"EOC01M","Construcción","intermediate","EOC","Edificación y Obra Civil","occupation:cno11:7121","7121","Albañiles","official_output","https://www.boe.es/eli/es/rd/2011/11/04/1575","– Albañil.","2026-08-08","1.0.0"
"EOC01M","Construcción","intermediate","EOC","Edificación y Obra Civil","occupation:cno11:7193","7193","Instaladores de sistemas de impermeabilización en edificios","official_output","https://www.boe.es/eli/es/rd/2011/11/04/1575","– Instalador de sistemas de impermeabilización en edificios y obra civil.","2026-08-08","1.0.0"
"EOC01M","Construcción","intermediate","EOC","Edificación y Obra Civil","occupation:cno11:7240","7240","Soladores, colocadores de parquet y afines","official_output","https://www.boe.es/eli/es/rd/2011/11/04/1575","– Alicatador– solador.","2026-08-08","1.0.0"
"EOC01M","Construcción","intermediate","EOC","Edificación y Obra Civil","occupation:cno11:7291","7291","Montadores de cubiertas","official_output","https://www.boe.es/eli/es/rd/2011/11/04/1575","– Tejador.","2026-08-08","1.0.0"
"EOC02S","Proyectos de Obra Civil","higher","EOC","Edificación y Obra Civil","occupation:cno11:3129","3129","Otros técnicos de las ciencias físicas, químicas, medioambientales y de las ingenierías","official_output","https://www.todofp.es/que-estudiar/familias-profesionales/edificacion-obra-civil/proyectos-obra-civil.html","Delineante de obra civil.","2026-08-14","1.0.0"
"FME01B","Fabricación y Montaje","basic","FME","Fabricación Mecánica","occupation:cno11:7221","7221","Fontaneros","official_output","https://www.boe.es/boe/dias/2014/03/05/pdfs/BOE-A-2014-2360.pdf","Fontanero/a.","2026-08-21","1.0.0"
"FME01B","Fabricación y Montaje","basic","FME","Fabricación Mecánica","occupation:cno11:9700","9700","Peones de las industrias manufactureras","official_output","https://www.boe.es/boe/dias/2014/03/05/pdfs/BOE-A-2014-2360.pdf","Peones de industrias manufactureras.","2026-08-21","1.0.0"
"FME01M","Mecanizado","intermediate","FME","Fabricación Mecánica","occupation:cno11:7322","7322","Trabajadores de la fabricación de herramientas, mecánico-ajustadores, modelistas, matriceros y afines","official_output","https://www.boe.es/eli/es/rd/2007/10/29/1398","Trabajadores de la fabricación de herramientas, mecánicos y ajustadores, modelistas matriceros y asimilados.","2026-08-21","1.0.0"
"FME01M","Mecanizado","intermediate","FME","Fabricación Mecánica","occupation:cno11:7323","7323","Ajustadores y operadores de máquinas-herramienta","official_output","https://www.boe.es/eli/es/rd/2007/10/29/1398","Ajustador operario de máquinas herramientas.","2026-08-21","1.0.0"
"FME01M","Mecanizado","intermediate","FME","Fabricación Mecánica","occupation:cno11:7324","7324","Pulidores de metales y afiladores de herramientas","official_output","https://www.boe.es/eli/es/rd/2007/10/29/1398","Pulidor de metales y afilador de herramientas.","2026-08-21","1.0.0"
"FME01S","Programación de la Producción en Fabricación Mecánica","higher","FME","Fabricación Mecánica","occupation:cno11:3126","3126","Técnicos en mecánica","official_output","https://www.todofp.es/que-estudiar/familias-profesionales/fabricacion-mecanica/programacion-produccion-fab-mecanica.html","Técnicas / técnicos en mecánica.","2026-08-14","1.0.0"
"FME02B","Fabricación de Elementos Metálicos","basic","FME","Fabricación Mecánica","occupation:cno11:7132","7132","Instaladores de cerramientos metálicos y carpinteros metálicos","official_output","https://www.todofp.es/que-estudiar/familias-profesionales/fabricacion-mecanica/fabricacion-elementos-metalicos.html","Auxiliar de carpintero / carpintera metálico.","2026-08-14","1.0.0"
"FME02B","Fabricación de Elementos Metálicos","basic","FME","Fabricación Mecánica","occupation:cno11:7312","7312","Soldadores y oxicortadores","official_output","https://www.todofp.es/que-estudiar/familias-profesionales/fabricacion-mecanica/fabricacion-elementos-metalicos.html","Auxiliar de oxicortador / oxicortadora a mano.","2026-08-14","1.0.0"
"FME02B","Fabricación de Elementos Metálicos","basic","FME","Fabricación Mecánica","occupation:cno11:8202","8202","Ensambladores de equipos eléctricos y electrónicos","official_output","https://www.todofp.es/que-estudiar/familias-profesionales/fabricacion-mecanica/fabricacion-elementos-metalicos.html","Operador / operadora de ensamblado de equipos eléctricos y electrónicos.","2026-08-14","1.0.0"
"FME02B","Fabricación de Elementos Metálicos","basic","FME","Fabricación Mecánica","occupation:cno11:9700","9700","Peones de las industrias manufactureras","official_output","https://www.todofp.es/que-estudiar/familias-profesionales/fabricacion-mecanica/fabricacion-elementos-metalicos.html","Peones y auxiliares de industrias metalúrgicas, de fabricación de productos metálicos y manufactureras.","2026-08-20","1.0.0"
"FME02M","Soldadura y Calderería","intermediate","FME","Fabricación Mecánica","occupation:cno11:7132","7132","Instaladores de cerramientos metálicos y carpinteros metálicos","official_output","https://www.ine.es/daco/daco42/clasificaciones/cno11_notas.pdf","7132 Instaladores de cerramientos metálicos y carpinteros metálicos","2026-08-11","1.0.0"
"FME02M","Soldadura y Calderería","intermediate","FME","Fabricación Mecánica","occupation:cno11:7312","7312","Soldadores y oxicortadores","official_output","https://www.ine.es/daco/daco42/clasificaciones/cno11_notas.pdf","7312 Soldadores y oxicortadores","2026-08-11","1.0.0"
"FME02M","Soldadura y Calderería","intermediate","FME","Fabricación Mecánica","occupation:cno11:7313","7313","Chapistas y caldereros","official_output","https://www.ine.es/daco/daco42/clasificaciones/cno11_notas.pdf","7313 Chapistas y caldereros","2026-08-11","1.0.0"
"FME02M","Soldadura y Calderería","intermediate","FME","Fabricación Mecánica","occupation:cno11:7314","7314","Montadores de estructuras metálicas","official_output","https://www.ine.es/daco/daco42/clasificaciones/cno11_notas.pdf","7314 Montadores de estructuras metálicas","2026-08-11","1.0.0"
"FME02S","Construcciones Metálicas","higher","FME","Fabricación Mecánica","occupation:cno11:7314","7314","Montadores de estructuras metálicas","official_output","https://www.todofp.es/que-estudiar/familias-profesionales/fabricacion-mecanica/construcciones-metalicas.html","Montaje en construcciones metálicas.","2026-08-14","1.0.0"
"FME03S","Diseño en Fabricación Mecánica","higher","FME","Fabricación Mecánica","occupation:cno11:3126","3126","Técnicos en mecánica","official_output","https://www.todofp.es/que-estudiar/familias-profesionales/fabricacion-mecanica/diseno-fabricacion-mecanica.html","Técnica / técnico de desarrollo de productos y moldes","2026-08-21","1.0.0"
"HOT01B","Cocina y Restauración","basic","HOT","Hostelería y Turismo","occupation:cno11:9310","9310","Ayudantes de cocina","official_output","https://www.boe.es/eli/es/rd/2014/02/28/127","Ayudante o auxiliar de cocina.","2026-08-12","1.0.0"
"HOT01M","Cocina y Gastronomía","intermediate","HOT","Hostelería y Turismo","occupation:cno11:5110","5110","Cocineros asalariados","official_output","https://todofp.es/dam/jcr%3A63392ee9-4d38-449b-a196-d0efb714b364/n-tcocinagastronomiaes-pdf.pdf","Las ocupaciones y puestos de trabajo más relevantes son los siguientes: Cocinero.","2026-08-08","1.0.0"
"HOT01S","Gestión de Alojamientos Turísticos","higher","HOT","Hostelería y Turismo","occupation:cno11:3510","3510","Agentes y representantes comerciales","reviewed_relationship","https://www.todofp.es/que-estudiar/familias-profesionales/hosteleria-turismo/gestion-alojamientos-turisticos.html","Comercial de establecimientos de alojamientos turísticos.","2026-08-13","1.0.0"
"HOT02M","Servicios en Restauración","intermediate","HOT","Hostelería y Turismo","occupation:cno11:4121","4121","Empleados de control de abastecimientos e inventario","reviewed_relationship","https://www.todofp.es/que-estudiar/familias-profesionales/hosteleria-turismo/servicios-restauracion.html","Empleada / empleado de economato de unidades de producción y servicio de alimentos y bebidas.","2026-08-13","1.0.0"
"HOT02M","Servicios en Restauración","intermediate","HOT","Hostelería y Turismo","occupation:cno11:5120","5120","Camareros asalariados","reviewed_relationship","https://www.todofp.es/que-estudiar/familias-profesionales/hosteleria-turismo/servicios-restauracion.html","Camarera / camarero de bar-cafetería o restaurante.","2026-08-13","1.0.0"
"HOT02S","Agencias de Viajes y Gestión de Eventos","higher","HOT","Hostelería y Turismo","occupation:cno11:4123","4123","Empleados de logística y transporte de pasajeros y mercancías","official_output","https://www.todofp.es/que-estudiar/familias-profesionales/hosteleria-turismo/agencias-viajes-gestion-eventos.html","Empleada / empleado del departamento de «booking» o reservas.","2026-08-21","1.0.0"
"HOT02S","Agencias de Viajes y Gestión de Eventos","higher","HOT","Hostelería y Turismo","occupation:cno11:4411","4411","Empleados de información al usuario","official_output","https://www.todofp.es/que-estudiar/familias-profesionales/hosteleria-turismo/agencias-viajes-gestion-eventos.html","Consultor / consultora de viajes.","2026-08-21","1.0.0"
"HOT02S","Agencias de Viajes y Gestión de Eventos","higher","HOT","Hostelería y Turismo","occupation:cno11:5492","5492","Promotores de venta","official_output","https://www.todofp.es/que-estudiar/familias-profesionales/hosteleria-turismo/agencias-viajes-gestion-eventos.html","Promotor / promotora comercial de viajes y servicios turísticos.","2026-08-21","1.0.0"
"HOT03S","Guía, Información y Asistencias Turísticas","higher","HOT","Hostelería y Turismo","occupation:cno11:4123","4123","Empleados de logística y transporte de pasajeros y mercancías","reviewed_relationship","https://www.todofp.es/que-estudiar/familias-profesionales/hosteleria-turismo/guia-informacion-asistencias-turisticas.html","Asistente en terminales (estaciones, puertos y aeropuertos).","2026-08-13","1.0.0"
"HOT03S","Guía, Información y Asistencias Turísticas","higher","HOT","Hostelería y Turismo","occupation:cno11:4411","4411","Empleados de información al usuario","official_output","https://www.todofp.es/que-estudiar/familias-profesionales/hosteleria-turismo/guia-informacion-asistencias-turisticas.html","Informador turístico / informadora turística.","2026-08-13","1.0.0"
"HOT04S","Dirección de Cocina","higher","HOT","Hostelería y Turismo","occupation:cno11:5110","5110","Cocineros asalariados","official_output","https://www.todofp.es/que-estudiar/familias-profesionales/hosteleria-turismo/direccion-cocina.html","Cocinera / cocinero.","2026-08-21","1.0.0"
"HOT05S","Dirección de Servicios de Restauración","higher","HOT","Hostelería y Turismo","occupation:cno11:3522","3522","Agentes de compras","official_output","https://www.todofp.es/que-estudiar/familias-profesionales/hosteleria-turismo/direccion-servicios-restauracion.html","Responsable de compra de bebidas.","2026-08-14","1.0.0"
"IFC01B","Informática y Comunicaciones","basic","IFC","Informática y Comunicaciones","occupation:cno11:7533","7533","Instaladores y reparadores en tecnologías de la información y las comunicaciones","official_output","https://www.todofp.es/que-estudiar/familias-profesionales/informatica-comunicaciones/informatica-comunicaciones.html","Ayudante de instalador / instaladora de equipos y sistemas de comunicación.","2026-08-21","1.0.0"
"IFC01B","Informática y Comunicaciones","basic","IFC","Informática y Comunicaciones","occupation:cno11:8202","8202","Ensambladores de equipos eléctricos y electrónicos","official_output","https://www.boe.es/buscar/doc.php?id=BOE-A-2014-2360","Operador de ensamblado de equipos eléctricos y electrónicos.","2026-08-21","1.0.0"
"IFC01MD","Sistemas Microinformáticos y Redes (distancia)","intermediate","IFC","Informática y Comunicaciones","occupation:cno11:3812","3812","Técnicos en asistencia al usuario de tecnologías de la información","official_output","https://www.todofp.es/que-estudiar/familias-profesionales/informatica-comunicaciones/sistemas-microniformaticos-redes.html","Técnica / técnico de soporte informático.","2026-08-20","1.0.0"
"IFC01S","Administración de Sistemas Informáticos en Red","higher","IFC","Informática y Comunicaciones","occupation:cno11:2721","2721","Diseñadores y administradores de bases de datos","official_output","https://www.todofp.es/que-estudiar/familias-profesionales/informatica-comunicaciones/admin-sist-informaticos-red.html","Técnica / técnico en administración de base de datos.","2026-08-12","1.0.0"
"IFC01S","Administración de Sistemas Informáticos en Red","higher","IFC","Informática y Comunicaciones","occupation:cno11:2722","2722","Administradores de sistemas y redes","official_output","https://www.todofp.es/que-estudiar/familias-profesionales/informatica-comunicaciones/admin-sist-informaticos-red.html","Técnica / técnico en administración de sistemas.","2026-08-12","1.0.0"
"IFC01S","Administración de Sistemas Informáticos en Red","higher","IFC","Informática y Comunicaciones","occupation:cno11:3812","3812","Técnicos en asistencia al usuario de tecnologías de la información","official_output","https://www.todofp.es/que-estudiar/familias-profesionales/informatica-comunicaciones/admin-sist-informaticos-red.html","Personal de apoyo y soporte técnico.","2026-08-12","1.0.0"
"IFC01S","Administración de Sistemas Informáticos en Red","higher","IFC","Informática y Comunicaciones","occupation:cno11:3813","3813","Técnicos en redes","official_output","https://www.todofp.es/que-estudiar/familias-profesionales/informatica-comunicaciones/admin-sist-informaticos-red.html","Técnica / técnico de redes.","2026-08-12","1.0.0"
"IFC01S","Administración de Sistemas Informáticos en Red","higher","IFC","Informática y Comunicaciones","occupation:cno11:3814","3814","Técnicos de la Web","official_output","https://www.todofp.es/que-estudiar/familias-profesionales/informatica-comunicaciones/admin-sist-informaticos-red.html","Técnica / técnico en entornos web.","2026-08-12","1.0.0"
"IFC01SD","Administración de Sistemas Informáticos en Red (distancia)","higher","IFC","Informática y Comunicaciones","occupation:cno11:2721","2721","Diseñadores y administradores de bases de datos","official_output","https://www.todofp.es/que-estudiar/familias-profesionales/informatica-comunicaciones/admin-sist-informaticos-red.html","Técnica / técnico en administración de base de datos.","2026-08-12","1.0.0"
"IFC01SD","Administración de Sistemas Informáticos en Red (distancia)","higher","IFC","Informática y Comunicaciones","occupation:cno11:2722","2722","Administradores de sistemas y redes","official_output","https://www.todofp.es/que-estudiar/familias-profesionales/informatica-comunicaciones/admin-sist-informaticos-red.html","Técnica / técnico en administración de sistemas.","2026-08-12","1.0.0"
"IFC01SD","Administración de Sistemas Informáticos en Red (distancia)","higher","IFC","Informática y Comunicaciones","occupation:cno11:3812","3812","Técnicos en asistencia al usuario de tecnologías de la información","official_output","https://www.todofp.es/que-estudiar/familias-profesionales/informatica-comunicaciones/admin-sist-informaticos-red.html","Personal de apoyo y soporte técnico.","2026-08-12","1.0.0"
"IFC01SD","Administración de Sistemas Informáticos en Red (distancia)","higher","IFC","Informática y Comunicaciones","occupation:cno11:3813","3813","Técnicos en redes","official_output","https://www.todofp.es/que-estudiar/familias-profesionales/informatica-comunicaciones/admin-sist-informaticos-red.html","Técnica / técnico de redes.","2026-08-12","1.0.0"
"IFC01SD","Administración de Sistemas Informáticos en Red (distancia)","higher","IFC","Informática y Comunicaciones","occupation:cno11:3814","3814","Técnicos de la Web","official_output","https://www.todofp.es/que-estudiar/familias-profesionales/informatica-comunicaciones/admin-sist-informaticos-red.html","Técnica / técnico en entornos web.","2026-08-12","1.0.0"
"IFC02B","Informática de Oficina","basic","IFC","Informática y Comunicaciones","occupation:cno11:7533","7533","Instaladores y reparadores en tecnologías de la información y las comunicaciones","reviewed_relationship","https://www.todofp.es/que-estudiar/familias-profesionales/informatica-comunicaciones/informatica-oficina.html","Ayudante de montador / montadora de sistemas microinformáticos.","2026-08-13","1.0.0"
"IFC02S","Desarrollo de Aplicaciones Multiplataforma","higher","IFC","Informática y Comunicaciones","occupation:cno11:2713","2713","Analistas, programadores y diseñadores web y multimedia","reviewed_relationship","https://www.todofp.es/que-estudiar/familias-profesionales/informatica-comunicaciones/des-aplicaciones-multiplataforma.html","Desarrollando aplicaciones en el ámbito del entretenimiento y la informática móvil.","2026-08-12","1.0.0"
"IFC02S","Desarrollo de Aplicaciones Multiplataforma","higher","IFC","Informática y Comunicaciones","occupation:cno11:3820","3820","Programadores informáticos","reviewed_relationship","https://www.boe.es/eli/es/rd/2010/05/21/450","Desarrollar aplicaciones de propósito general.","2026-08-12","1.0.0"
"IFC02SD","Desarrollo de Aplicaciones Multiplataforma (distancia)","higher","IFC","Informática y Comunicaciones","occupation:cno11:2713","2713","Analistas, programadores y diseñadores web y multimedia","reviewed_relationship","https://www.todofp.es/que-estudiar/familias-profesionales/informatica-comunicaciones/des-aplicaciones-multiplataforma.html","Desarrollando aplicaciones en el ámbito del entretenimiento y la informática móvil.","2026-08-12","1.0.0"
"IFC02SD","Desarrollo de Aplicaciones Multiplataforma (distancia)","higher","IFC","Informática y Comunicaciones","occupation:cno11:3820","3820","Programadores informáticos","reviewed_relationship","https://www.boe.es/eli/es/rd/2010/05/21/450","Desarrollar aplicaciones de propósito general.","2026-08-12","1.0.0"
"IFC03S","Desarrollo de Aplicaciones WEB","higher","IFC","Informática y Comunicaciones","occupation:cno11:2713","2713","Analistas, programadores y diseñadores web y multimedia","official_output","https://www.boe.es/buscar/doc.php?id=BOE-A-2010-9269&lang=es","Desarrollador de aplicaciones en entornos Web.","2026-08-04","1.0.0"
"IFC03SD","Desarrollo de Aplicaciones WEB (distancia)","higher","IFC","Informática y Comunicaciones","occupation:cno11:2713","2713","Analistas, programadores y diseñadores web y multimedia","official_output","https://www.boe.es/buscar/doc.php?id=BOE-A-2010-9269&lang=es","Desarrollador de aplicaciones en entornos Web.","2026-08-04","1.0.0"
"IMA01M","Instalaciones de Producción de Calor","intermediate","IMA","Instalación y Mantenimiento","occupation:cno11:7221","7221","Fontaneros","reviewed_relationship","https://www.todofp.es/que-estudiar/familias-profesionales/instalacion-mantenimiento/instalaciones-produccion-calor.html","Instalador-mantenedor de instalaciones de agua.","2026-08-21","1.0.0"
"IMA01M","Instalaciones de Producción de Calor","intermediate","IMA","Instalación y Mantenimiento","occupation:cno11:7222","7222","Montadores-instaladores de gas en edificios","reviewed_relationship","https://www.todofp.es/que-estudiar/familias-profesionales/instalacion-mantenimiento/instalaciones-produccion-calor.html","Instalador-mantenedor de instalaciones de gas y combustibles líquidos.","2026-08-21","1.0.0"
"IMA01M","Instalaciones de Producción de Calor","intermediate","IMA","Instalación y Mantenimiento","occupation:cno11:7250","7250","Mecánicos-instaladores de refrigeración y climatización","reviewed_relationship","https://www.todofp.es/que-estudiar/familias-profesionales/instalacion-mantenimiento/instalaciones-produccion-calor.html","Instalador-mantenedor de equipos de producción de calor.","2026-08-21","1.0.0"
"IMA01M","Instalaciones de Producción de Calor","intermediate","IMA","Instalación y Mantenimiento","occupation:cno11:7294","7294","Montadores-instaladores de placas de energía solar","official_output","https://www.todofp.es/que-estudiar/familias-profesionales/instalacion-mantenimiento/instalaciones-produccion-calor.html","Instalador-mantenedor de instalaciones solares térmicas.","2026-08-21","1.0.0"
"IMA02M","Instalaciones Frigoríficas y de Climatización","intermediate","IMA","Instalación y Mantenimiento","occupation:cno11:7250","7250","Mecánicos-instaladores de refrigeración y climatización","official_output","https://www.ine.es/daco/daco42/clasificaciones/cno11_notas.pdf","7250 Mecánicos-instaladores de refrigeración y climatización","2026-08-11","1.0.0"
"IMA03M","Mantenimiento Electromecánico","intermediate","IMA","Instalación y Mantenimiento","occupation:cno11:8202","8202","Ensambladores de equipos eléctricos y electrónicos","official_output","https://www.boe.es/eli/es/rd/2011/11/04/1589","Montador de equipos eléctricos.","2026-08-12","1.0.0"
"IMA03S","Mecatrónica Industrial","higher","IMA","Instalación y Mantenimiento","occupation:cno11:3126","3126","Técnicos en mecánica","official_output","https://www.boe.es/eli/es/rd/2011/11/04/1576","Técnico en planificación y programación de procesos de mantenimiento de instalaciones de maquinaria y equipo industrial.","2026-08-12","1.0.0"
"IMP01B","Peluquería y Estética","basic","IMP","Imagen Personal","occupation:cno11:5811","5811","Peluqueros","official_output","https://www.todofp.es/que-estudiar/familias-profesionales/imagen-personal/peluqueria-estetica.html","Auxiliar de peluquería.","2026-08-12","1.0.0"
"IMP01B","Peluquería y Estética","basic","IMP","Imagen Personal","occupation:cno11:5812","5812","Especialistas en tratamientos de estética, bienestar y afines","official_output","https://www.todofp.es/que-estudiar/familias-profesionales/imagen-personal/peluqueria-estetica.html","Ayudante de manicura y pedicura.","2026-08-12","1.0.0"
"IMP01M","Estética y Belleza","intermediate","IMP","Imagen Personal","occupation:cno11:3510","3510","Agentes y representantes comerciales","reviewed_relationship","https://www.todofp.es/que-estudiar/familias-profesionales/imagen-personal/estetica-belleza.html","Agente comercial en empresas del sector.","2026-08-13","1.0.0"
"IMP01M","Estética y Belleza","intermediate","IMP","Imagen Personal","occupation:cno11:4412","4412","Recepcionistas (excepto de hoteles)","reviewed_relationship","https://www.todofp.es/que-estudiar/familias-profesionales/imagen-personal/estetica-belleza.html","Recepcionista en empresas estéticas.","2026-08-13","1.0.0"
"IMP01M","Estética y Belleza","intermediate","IMP","Imagen Personal","occupation:cno11:5220","5220","Vendedores en tiendas y almacenes","reviewed_relationship","https://www.todofp.es/que-estudiar/familias-profesionales/imagen-personal/estetica-belleza.html","Asesor-vendedor / asesora-vendedora en perfumerías y droguerías.","2026-08-13","1.0.0"
"IMP01M","Estética y Belleza","intermediate","IMP","Imagen Personal","occupation:cno11:5492","5492","Promotores de venta","reviewed_relationship","https://www.todofp.es/que-estudiar/familias-profesionales/imagen-personal/estetica-belleza.html","Demostrador / demostradora de equipos, cosméticos y técnicas estéticas.","2026-08-13","1.0.0"
"IMP01M","Estética y Belleza","intermediate","IMP","Imagen Personal","occupation:cno11:5812","5812","Especialistas en tratamientos de estética, bienestar y afines","reviewed_relationship","https://www.todofp.es/que-estudiar/familias-profesionales/imagen-personal/estetica-belleza.html","Técnica / técnico esteticista en centros de belleza y gabinetes de estética.","2026-08-13","1.0.0"
"IMP01S","Estética Integral y Bienestar","higher","IMP","Imagen Personal","occupation:cno11:5812","5812","Especialistas en tratamientos de estética, bienestar y afines","reviewed_relationship","https://www.todofp.es/que-estudiar/familias-profesionales/imagen-personal/estetica-integral-bienestar.html","Esteticista.","2026-08-13","1.0.0"
"IMP02M","Peluquería y Cosmética Capilar","intermediate","IMP","Imagen Personal","occupation:cno11:5811","5811","Peluqueros","official_output","https://www.todofp.es/que-estudiar/familias-profesionales/imagen-personal/peluqueria-cosmetica-capilar.html","Peluquera / peluquero.","2026-08-21","1.0.0"
"IMP02M","Peluquería y Cosmética Capilar","intermediate","IMP","Imagen Personal","occupation:cno11:5812","5812","Especialistas en tratamientos de estética, bienestar y afines","official_output","https://www.todofp.es/que-estudiar/familias-profesionales/imagen-personal/peluqueria-cosmetica-capilar.html","Técnica / técnico en manicura.","2026-08-21","1.0.0"
"IMP02MD","Peluquería y Cosmética Capilar (distancia)","intermediate","IMP","Imagen Personal","occupation:cno11:5811","5811","Peluqueros","official_output","https://www.todofp.es/que-estudiar/familias-profesionales/imagen-personal/peluqueria-cosmetica-capilar.html","Peluquera / peluquero.","2026-08-21","1.0.0"
"IMP02MD","Peluquería y Cosmética Capilar (distancia)","intermediate","IMP","Imagen Personal","occupation:cno11:5812","5812","Especialistas en tratamientos de estética, bienestar y afines","official_output","https://www.todofp.es/que-estudiar/familias-profesionales/imagen-personal/peluqueria-cosmetica-capilar.html","Técnica / técnico en manicura.","2026-08-21","1.0.0"
"IMP02S","Estilismo y Dirección de Peluquería","higher","IMP","Imagen Personal","occupation:cno11:5811","5811","Peluqueros","official_output","https://www.boe.es/diario_boe/txt.php?id=BOE-A-2011-19352","Peluquero/a especialista.","2026-08-21","1.0.0"
"IMS01E","Audiodescripción y subtitulación","specialization","IMS","Imagen y Sonido","occupation:cno11:2921","2921","Escritores","reviewed_relationship","https://www.todofp.es/que-estudiar/familias-profesionales/imagen-sonido/ce-audiodescripcion-subtitulacion.html","Guionista de proyectos de audiodescripción y subtitulación de obras audiovisuales y espectáculos en vivo.","2026-08-21","1.0.0"
"IMS01E","Audiodescripción y subtitulación","specialization","IMS","Imagen y Sonido","occupation:cno11:2923","2923","Filólogos, intérpretes y traductores","reviewed_relationship","https://www.todofp.es/que-estudiar/familias-profesionales/imagen-sonido/ce-audiodescripcion-subtitulacion.html","Subtitulador de obras audiovisuales y espectáculos en vivo.","2026-08-21","1.0.0"
"INA01S","Vitivinicultura","higher","INA","Industrias Alimentarias","occupation:cno11:7709","7709","Catadores y clasificadores de alimentos y bebidas","official_output","https://www.todofp.es/que-estudiar/familias-profesionales/industrias-alimentarias/vitivinicultura.html","Analista sensorial.","2026-08-21","1.0.0"
"INA02M","Aceites de Oliva y Vinos","intermediate","INA","Industrias Alimentarias","occupation:cno11:3510","3510","Agentes y representantes comerciales","reviewed_relationship","https://www.todofp.es/que-estudiar/familias-profesionales/industrias-alimentarias/aceites-oliva-vinos.html","Comercial de aceites de oliva, vinos y otras bebidas.","2026-08-21","1.0.0"
"INA02M","Aceites de Oliva y Vinos","intermediate","INA","Industrias Alimentarias","occupation:cno11:7705","7705","Trabajadores conserveros de frutas y hortalizas y trabajadores de la elaboración de bebidas no alcohólicas","reviewed_relationship","https://www.boe.es/eli/es/rd/2008/11/03/1798","Maestro de almazara.","2026-08-21","1.0.0"
"INA02M","Aceites de Oliva y Vinos","intermediate","INA","Industrias Alimentarias","occupation:cno11:7707","7707","Trabajadores de la elaboración del vino","official_output","https://www.boe.es/eli/es/rd/2008/11/03/1798","Bodeguero, elaborador de vinos, cavas, sidra y otras bebidas y derivados.","2026-08-21","1.0.0"
"INA02M","Aceites de Oliva y Vinos","intermediate","INA","Industrias Alimentarias","occupation:cno11:8193","8193","Operadores de máquinas de embalaje, embotellamiento y etiquetado","reviewed_relationship","https://www.boe.es/eli/es/rd/2008/11/03/1798","Operador de sección de embotellado y/o envasado.","2026-08-21","1.0.0"
"INA02S","Procesos y Calidad en la Industria Alimentaria","higher","INA","Industrias Alimentarias","occupation:cno11:3160","3160","Técnicos de control de calidad de las ciencias físicas, químicas y de las ingenierías","official_output","https://www.todofp.es/que-estudiar/familias-profesionales/industrias-alimentarias/procesos-calidad-industria-alimentaria.html","Técnica / técnico en laboratorio de control de calidad.","2026-08-14","1.0.0"
"INA02S","Procesos y Calidad en la Industria Alimentaria","higher","INA","Industrias Alimentarias","occupation:cno11:3209","3209","Supervisores de otras industrias manufactureras","official_output","https://www.todofp.es/que-estudiar/familias-profesionales/industrias-alimentarias/procesos-calidad-industria-alimentaria.html","Supervisor / supervisora de equipos, procesos y productos.","2026-08-14","1.0.0"
"INA02S","Procesos y Calidad en la Industria Alimentaria","higher","INA","Industrias Alimentarias","occupation:cno11:3510","3510","Agentes y representantes comerciales","official_output","https://www.todofp.es/que-estudiar/familias-profesionales/industrias-alimentarias/procesos-calidad-industria-alimentaria.html","Técnica / técnico comercial.","2026-08-14","1.0.0"
"INA03M","Elaboración de Productos Alimenticios","intermediate","INA","Industrias Alimentarias","occupation:cno11:8160","8160","Operadores de máquinas para elaborar productos alimenticios, bebidas y tabaco","official_output","https://www.todofp.es/que-estudiar/familias-profesionales/industrias-alimentarias/elaboracion-productos-alimenticios.html","Operador / operadora de máquinas y equipos para el tratamiento y elaboración de productos alimentarios.","2026-08-22","1.0.0"
"MAM01B","Carpintería y Mueble","basic","MAM","Madera, Mueble y Corcho","occupation:cno11:7812","7812","Ajustadores y operadores de máquinas para trabajar la madera","reviewed_relationship","https://www.todofp.es/que-estudiar/familias-profesionales/madera-mueble-corcho/carpinteria-mueble.html","Operador / operadora de máquinas fijas para fabricar productos de madera.","2026-08-13","1.0.0"
"MAM01B","Carpintería y Mueble","basic","MAM","Madera, Mueble y Corcho","occupation:cno11:8209","8209","Montadores y ensambladores no clasificados en otros epígrafes","reviewed_relationship","https://www.todofp.es/que-estudiar/familias-profesionales/madera-mueble-corcho/fpb-carpinteria-mueble.html","Montador / montadora de muebles de madera o similares.","2026-08-13","1.0.0"
"MAM01B","Carpintería y Mueble","basic","MAM","Madera, Mueble y Corcho","occupation:cno11:9700","9700","Peones de las industrias manufactureras","reviewed_relationship","https://www.todofp.es/que-estudiar/familias-profesionales/madera-mueble-corcho/fpb-carpinteria-mueble.html","Peón de la industria de la madera y del corcho.","2026-08-13","1.0.0"
"MAM01M","Carpintería y Mueble","intermediate","MAM","Madera, Mueble y Corcho","occupation:cno11:7812","7812","Ajustadores y operadores de máquinas para trabajar la madera","official_output","https://www.boe.es/eli/es/rd/1128/2010","Operador de máquinas fijas para fabricar productos de madera.","2026-08-09","1.0.0"
"MAM01M","Carpintería y Mueble","intermediate","MAM","Madera, Mueble y Corcho","occupation:cno11:8209","8209","Montadores y ensambladores no clasificados en otros epígrafes","official_output","https://www.boe.es/eli/es/rd/1128/2010","Montador-ensamblador de elementos de carpintería.","2026-08-09","1.0.0"
"MAM02M","Instalación y Amueblamiento","intermediate","MAM","Madera, Mueble y Corcho","occupation:cno11:7812","7812","Ajustadores y operadores de máquinas para trabajar la madera","reviewed_relationship","https://www.todofp.es/que-estudiar/familias-profesionales/madera-mueble-corcho/instalacion-amueblamiento.html","Operador / operadora de máquinas fijas para fabricar productos de madera.","2026-08-22","1.0.0"
"QUI01E","Cultivos celulares","specialization","QUI","Química","occupation:cno11:3141","3141","Técnicos en ciencias biológicas (excepto en áreas sanitarias)","reviewed_relationship","https://www.todofp.es/que-estudiar/familias-profesionales/quimica/ce-cultivos-celulares.html","Experta / experto en cultivos celulares","2026-08-21","1.0.0"
"QUI01M","Planta Química","intermediate","QUI","Química","occupation:cno11:8131","8131","Operadores en plantas industriales químicas","official_output","https://www.todofp.es/que-estudiar/familias-profesionales/quimica/planta-quimica.html","Operador / operadora principal en instalaciones de tratamiento químico.","2026-08-22","1.0.0"
"QUI01S","Laboratorio de Análisis y Control de Calidad","higher","QUI","Química","occupation:cno11:3129","3129","Otros técnicos de las ciencias físicas, químicas, medioambientales y de las ingenierías","official_output","https://www.todofp.es/que-estudiar/familias-profesionales/quimica/lab-analisis-control-calidad.html","Analista de laboratorio químico.","2026-08-14","1.0.0"
"QUI01S","Laboratorio de Análisis y Control de Calidad","higher","QUI","Química","occupation:cno11:3160","3160","Técnicos de control de calidad de las ciencias físicas, químicas y de las ingenierías","official_output","https://www.todofp.es/que-estudiar/familias-profesionales/quimica/lab-analisis-control-calidad.html","Técnica / técnico en control de calidad en industrias de manufacturas diversas.","2026-08-14","1.0.0"
"QUI02M","Operaciones de Laboratorio","intermediate","QUI","Química","occupation:cno11:3160","3160","Técnicos de control de calidad de las ciencias físicas, químicas y de las ingenierías","official_output","https://www.todofp.es/que-estudiar/familias-profesionales/quimica/operaciones-laboratorio.html","control de calidad de materiales","2026-08-14","1.0.0"
"SAN01S","Audiología Protésica","higher","SAN","Sanidad","occupation:cno11:3317","3317","Técnicos en audioprótesis","reviewed_relationship","https://www.todofp.es/que-estudiar/familias-profesionales/sanidad/audiologia-protesica.html","Audioprotésica / audioprotésico.","2026-08-21","1.0.0"
"SAN01SD","Audiología Protésica (distancia)","higher","SAN","Sanidad","occupation:cno11:3317","3317","Técnicos en audioprótesis","reviewed_relationship","https://www.todofp.es/que-estudiar/familias-profesionales/sanidad/audiologia-protesica.html","Audioprotésica / audioprotésico.","2026-08-21","1.0.0"
"SAN02M","Farmacia y Parafarmacia","intermediate","SAN","Sanidad","occupation:cno11:5621","5621","Técnicos auxiliares de farmacia","official_output","https://www.todofp.es/que-estudiar/familias-profesionales/sanidad/farmacia-parafarmacia.html","Auxiliar de Farmacia.","2026-08-20","1.0.0"
"SAN02S","Prótesis Dentales","higher","SAN","Sanidad","occupation:cno11:2640","2640","Profesionales de ventas técnicas y médicas (excepto las TIC)","reviewed_relationship","https://www.todofp.es/que-estudiar/familias-profesionales/sanidad/protesis-dentales.html","Comercial en la industria dental o depósitos dentales.","2026-08-21","1.0.0"
"SAN02S","Prótesis Dentales","higher","SAN","Sanidad","occupation:cno11:3316","3316","Técnicos en prótesis dentales","official_output","https://www.todofp.es/que-estudiar/familias-profesionales/sanidad/protesis-dentales.html","Técnica / técnico especialista en prótesis dental.","2026-08-21","1.0.0"
"SAN04S","Anatomía Patológica y Citodiagnóstico","higher","SAN","Sanidad","occupation:cno11:3314","3314","Técnicos en laboratorio de diagnóstico clínico","official_output","https://www.todofp.es/que-estudiar/familias-profesionales/sanidad/anatomia-patologica-citodiagnostico.html","Técnica / técnico especialista en anatomía patológica y citología.","2026-08-14","1.0.0"
"SAN07S","Imagen para el Diagnóstico y Medicina Nuclear","higher","SAN","Sanidad","occupation:cno11:2640","2640","Profesionales de ventas técnicas y médicas (excepto las TIC)","official_output","https://www.todofp.es/que-estudiar/familias-profesionales/sanidad/imagen-diagnostico-medicina-nuclear.html","Delegada / delegado comercial de productos hospitalarios y farmacéuticos.","2026-08-13","1.0.0"
"SAN07SD","Imagen para el Diagnóstico y Medicina Nuclear (distancia)","higher","SAN","Sanidad","occupation:cno11:2640","2640","Profesionales de ventas técnicas y médicas (excepto las TIC)","official_output","https://www.todofp.es/que-estudiar/familias-profesionales/sanidad/imagen-diagnostico-medicina-nuclear.html","Delegada / delegado comercial de productos hospitalarios y farmacéuticos.","2026-08-13","1.0.0"
"SAN08S","Laboratorio Clínico y Biomédico","higher","SAN","Sanidad","occupation:cno11:2640","2640","Profesionales de ventas técnicas y médicas (excepto las TIC)","official_output","https://www.todofp.es/que-estudiar/familias-profesionales/sanidad/laboratorio-clinico-biomedico.html","Delegada / delegado comercial de productos hospitalarios y farmacéuticos.","2026-08-20","1.0.0"
"SAN08SD","Laboratorio Clínico y Biomédico (distancia)","higher","SAN","Sanidad","occupation:cno11:2640","2640","Profesionales de ventas técnicas y médicas (excepto las TIC)","official_output","https://www.todofp.es/que-estudiar/familias-profesionales/sanidad/laboratorio-clinico-biomedico.html","Delegada / delegado comercial de productos hospitalarios y farmacéuticos.","2026-08-20","1.0.0"
"SAN09S","Radioterapia y Dosimetría","higher","SAN","Sanidad","occupation:cno11:2640","2640","Profesionales de ventas técnicas y médicas (excepto las TIC)","official_output","https://www.todofp.es/que-estudiar/familias-profesionales/sanidad/radioterapia-dosimetria.html","Delegada / delegado comercial de equipos de radioelectrología médica","2026-08-14","1.0.0"
"SAN09SD","Radioterapia y Dosimetría (distancia)","higher","SAN","Sanidad","occupation:cno11:2640","2640","Profesionales de ventas técnicas y médicas (excepto las TIC)","official_output","https://www.todofp.es/que-estudiar/familias-profesionales/sanidad/radioterapia-dosimetria.html","Delegada / delegado comercial de equipos de radioelectrología médica","2026-08-14","1.0.0"
"SAN21","Cuidados Auxiliares de Enfermería","intermediate","SAN","Sanidad","occupation:cno11:5611","5611","Auxiliares de enfermería hospitalaria","official_output","https://todofp.es/dam/jcr%3Aaf5b68fd-e75c-493b-94ff-0565d3886473/san21cuidauxilenfermeria-pdf.pdf","Auxiliar de Enfermería/Clínica..","2026-08-08","1.0.0"
"SAN21","Cuidados Auxiliares de Enfermería","intermediate","SAN","Sanidad","occupation:cno11:5612","5612","Auxiliares de enfermería de atención primaria","official_output","https://todofp.es/dam/jcr%3Aaf5b68fd-e75c-493b-94ff-0565d3886473/san21cuidauxilenfermeria-pdf.pdf","Auxiliar de Atención primaria.","2026-08-08","1.0.0"
"SEA01M","Emergencias y Protección Civil","intermediate","SEA","Seguridad y Medio Ambiente","occupation:cno11:5931","5931","Bomberos (excepto forestales)","reviewed_relationship","https://www.todofp.es/que-estudiar/familias-profesionales/seguridad-medio-ambiente/emergencias-proteccion-civil.html","Bombera / bombero de aeropuertos.","2026-08-21","1.0.0"
"SEA01M","Emergencias y Protección Civil","intermediate","SEA","Seguridad y Medio Ambiente","occupation:cno11:5932","5932","Bomberos forestales","reviewed_relationship","https://www.todofp.es/que-estudiar/familias-profesionales/seguridad-medio-ambiente/emergencias-proteccion-civil.html","Bombera / bombero forestal.","2026-08-21","1.0.0"
"SEA01M","Emergencias y Protección Civil","intermediate","SEA","Seguridad y Medio Ambiente","occupation:cno11:5993","5993","Agentes forestales y medioambientales","reviewed_relationship","https://www.todofp.es/que-estudiar/familias-profesionales/seguridad-medio-ambiente/emergencias-proteccion-civil.html","Vigilante de incendios forestales.","2026-08-21","1.0.0"
"SEA01MD","Emergencias y Protección Civil (distancia)","intermediate","SEA","Seguridad y Medio Ambiente","occupation:cno11:5931","5931","Bomberos (excepto forestales)","reviewed_relationship","https://www.todofp.es/que-estudiar/familias-profesionales/seguridad-medio-ambiente/emergencias-proteccion-civil.html","Bombera / bombero de aeropuertos.","2026-08-21","1.0.0"
"SEA01MD","Emergencias y Protección Civil (distancia)","intermediate","SEA","Seguridad y Medio Ambiente","occupation:cno11:5932","5932","Bomberos forestales","reviewed_relationship","https://www.todofp.es/que-estudiar/familias-profesionales/seguridad-medio-ambiente/emergencias-proteccion-civil.html","Bombera / bombero forestal.","2026-08-21","1.0.0"
"SEA01MD","Emergencias y Protección Civil (distancia)","intermediate","SEA","Seguridad y Medio Ambiente","occupation:cno11:5993","5993","Agentes forestales y medioambientales","reviewed_relationship","https://www.todofp.es/que-estudiar/familias-profesionales/seguridad-medio-ambiente/emergencias-proteccion-civil.html","Vigilante de incendios forestales.","2026-08-21","1.0.0"
"SEA03S","Química y Salud Ambiental","higher","SEA","Seguridad y Medio Ambiente","occupation:cno11:2640","2640","Profesionales de ventas técnicas y médicas (excepto las TIC)","official_output","https://www.todofp.es/que-estudiar/familias-profesionales/seguridad-medio-ambiente/quimica-salud-ambiental.html","Comercial de información de productos biocidas y fitosanitarios","2026-08-14","1.0.0"
"SEA03S","Química y Salud Ambiental","higher","SEA","Seguridad y Medio Ambiente","occupation:cno11:3129","3129","Otros técnicos de las ciencias físicas, químicas, medioambientales y de las ingenierías","official_output","https://www.todofp.es/que-estudiar/familias-profesionales/seguridad-medio-ambiente/quimica-salud-ambiental.html","Técnica / técnico en gestión ambiental.","2026-08-14","1.0.0"
"SSC01M","Atención a Personas en Situación de Dependencia","intermediate","SSC","Servicios Socioculturales y a la Comunidad","occupation:cno11:5629","5629","Trabajadores de los cuidados a las personas en servicios de salud no clasificados bajo otros epígrafes","reviewed_relationship","https://www.sepe.es/fr/SiteSepe/contenidos/COVID-19/documentos/documentacion-melilla/2021/201221-Resolucion-provisional--20-12-2021-firmada.pdf","Categoría: CUIDADORES DE PERSONAS CON DISCAPACIDAD (CNO 56291025) Titulación: FP grado medio en atención a personas en situación de dependencia","2026-08-08","1.0.0"
"SSC01M","Atención a Personas en Situación de Dependencia","intermediate","SSC","Servicios Socioculturales y a la Comunidad","occupation:cno11:5710","5710","Trabajadores de los cuidados personales a domicilio","official_output","https://www.boe.es/eli/es/rd/2011/11/04/1593","Auxiliar de ayuda a domicilio.","2026-08-08","1.0.0"
"SSC01S","Educación Infantil","higher","SSC","Servicios Socioculturales y a la Comunidad","occupation:cno11:2252","2252","Técnicos en educación infantil","official_output","https://www.boe.es/eli/es/rd/2007/10/29/1394","Educador o educadora infantil en primer ciclo de educación infantil","2026-08-12","1.0.0"
"SSC01SD","Educación Infantil (distancia)","higher","SSC","Servicios Socioculturales y a la Comunidad","occupation:cno11:2252","2252","Técnicos en educación infantil","official_output","https://www.boe.es/eli/es/rd/2007/10/29/1394","Educador o educadora infantil en primer ciclo de educación infantil.","2026-08-12","1.0.0"
"SSC02S","Animación Sociocultural y Turística","higher","SSC","Servicios Socioculturales y a la Comunidad","occupation:cno11:3713","3713","Profesionales de apoyo al trabajo y a la educación social","official_output","https://www.todofp.es/que-estudiar/familias-profesionales/servicios-socioculturales-comunidad/animacion-sociocultural-turistica.html","Dinamizador / dinamizadora comunitario.","2026-08-21","1.0.0"
"SSC02S","Animación Sociocultural y Turística","higher","SSC","Servicios Socioculturales y a la Comunidad","occupation:cno11:3724","3724","Monitores de actividades recreativas y de entretenimiento","official_output","https://www.todofp.es/que-estudiar/familias-profesionales/servicios-socioculturales-comunidad/animacion-sociocultural-turistica.html","Animador / animadora de veladas y espectáculos.","2026-08-21","1.0.0"
"SSC02S","Animación Sociocultural y Turística","higher","SSC","Servicios Socioculturales y a la Comunidad","occupation:cno11:4411","4411","Empleados de información al usuario","official_output","https://www.todofp.es/que-estudiar/familias-profesionales/servicios-socioculturales-comunidad/animacion-sociocultural-turistica.html","Informador / informadora juvenil.","2026-08-21","1.0.0"
"SSC03S","Integración Social","higher","SSC","Servicios Socioculturales y a la Comunidad","occupation:cno11:2312","2312","Técnicos educadores de educación especial","official_output","https://www.todofp.es/que-estudiar/familias-profesionales/servicios-socioculturales-comunidad/integracion-social.html","Educador / educadora de educación especial.","2026-08-12","1.0.0"
"SSC03S","Integración Social","higher","SSC","Servicios Socioculturales y a la Comunidad","occupation:cno11:3713","3713","Profesionales de apoyo al trabajo y a la educación social","official_output","https://www.todofp.es/que-estudiar/familias-profesionales/servicios-socioculturales-comunidad/integracion-social.html","Técnica / técnico de integración social.","2026-08-12","1.0.0"
"SSC03SD","Integración Social (distancia)","higher","SSC","Servicios Socioculturales y a la Comunidad","occupation:cno11:2312","2312","Técnicos educadores de educación especial","official_output","https://www.todofp.es/que-estudiar/familias-profesionales/servicios-socioculturales-comunidad/integracion-social.html","Educador / educadora de educación especial.","2026-08-12","1.0.0"
"SSC03SD","Integración Social (distancia)","higher","SSC","Servicios Socioculturales y a la Comunidad","occupation:cno11:3713","3713","Profesionales de apoyo al trabajo y a la educación social","official_output","https://www.todofp.es/que-estudiar/familias-profesionales/servicios-socioculturales-comunidad/integracion-social.html","Técnica / técnico de integración social.","2026-08-12","1.0.0"
"SSC04S","Promoción de Igualdad de Género","higher","SSC","Servicios Socioculturales y a la Comunidad","occupation:cno11:3714","3714","Promotores de igualdad de oportunidades entre mujeres y hombres","official_output","https://www.todofp.es/que-estudiar/familias-profesionales/servicios-socioculturales-comunidad/promocion-igualdad-genero.html","Promotor / promotora para la igualdad efectiva de mujeres y hombres.","2026-08-22","1.0.0"
"SSC05S","Mediación Comunicativa","higher","SSC","Servicios Socioculturales y a la Comunidad","occupation:cno11:3713","3713","Profesionales de apoyo al trabajo y a la educación social","official_output","https://www.todofp.es/que-estudiar/familias-profesionales/servicios-socioculturales-comunidad/mediacion-comunicativa.html","Mediador / mediadora social de la comunidad sorda.","2026-08-14","1.0.0"
"SSC06S","Formación para la movilidad segura y sostenible","higher","SSC","Servicios Socioculturales y a la Comunidad","occupation:cno11:5894","5894","Instructores de autoescuela","reviewed_relationship","https://www.todofp.es/que-estudiar/familias-profesionales/servicios-socioculturales-comunidad/formacion-movilidad-segura-sostenible.html","Profesor de formación vial.","2026-08-22","1.0.0"
"TCP02B","Tapicería y Cortinaje","basic","TCP","Textil, Confección y Piel","occupation:cno11:7835","7835","Tapiceros, colchoneros y afines","official_output","https://www.todofp.es/que-estudiar/familias-profesionales/textil-confeccion-piel/tapiceria-cortinaje.html","Tapicera / tapicero de muebles.","2026-08-22","1.0.0"
"TMV01B","Mantenimiento de Vehículos","basic","TMV","Transporte y Mantenimiento de Vehículos","occupation:cno11:7401","7401","Mecánicos y ajustadores de vehículos de motor","official_output","https://www.boe.es/eli/es/rd/2014/02/28/127","Operario de taller de mecánica rápida.","2026-08-12","1.0.0"
"TMV01M","Carrocería","intermediate","TMV","Transporte y Mantenimiento de Vehículos","occupation:cno11:7232","7232","Pintores en las industrias manufactureras","official_output","https://www.ine.es/daco/daco42/clasificaciones/cno11_notas.pdf","7232 Pintores en las industrias manufactureras","2026-08-20","1.0.0"
"TMV01S","Automoción","higher","TMV","Transporte y Mantenimiento de Vehículos","occupation:cno11:3160","3160","Técnicos de control de calidad de las ciencias físicas, químicas y de las ingenierías","official_output","https://www.todofp.es/que-estudiar/familias-profesionales/transporte-mantenimiento-vehiculos/automocion.html","Encargada / encargado de ITV.","2026-08-21","1.0.0"
"TMV01S","Automoción","higher","TMV","Transporte y Mantenimiento de Vehículos","occupation:cno11:3405","3405","Tasadores","official_output","https://www.todofp.es/que-estudiar/familias-profesionales/transporte-mantenimiento-vehiculos/automocion.html","Perita / perito tasador de vehículos.","2026-08-21","1.0.0"
"TMV01S","Automoción","higher","TMV","Transporte y Mantenimiento de Vehículos","occupation:cno11:4412","4412","Recepcionistas (excepto de hoteles)","official_output","https://www.boe.es/eli/es/rd/2008/11/03/1796","Recepcionista de vehículos.","2026-08-21","1.0.0"
"TMV02M","Electromecánica de Vehículos Automóviles","intermediate","TMV","Transporte y Mantenimiento de Vehículos","occupation:cno11:7401","7401","Mecánicos y ajustadores de vehículos de motor","official_output","https://www.boe.es/eli/es/rd/2010/03/19/453","Mecánico de automóviles.","2026-08-12","1.0.0"
"TMV03E","Mantenimiento y seguridad en sistemas de vehículos hibridos y eléctricos","specialization","TMV","Transporte y Mantenimiento de Vehículos","occupation:cno11:3405","3405","Tasadores","official_output","https://www.todofp.es/que-estudiar/familias-profesionales/transporte-mantenimiento-vehiculos/ce-mantenimiento-seguridad-hibridos-electricos.html","Perito tasador de vehículos.","2026-08-14","1.0.0"
"TMV03M","Electromecánica de maquinaria","intermediate","TMV","Transporte y Mantenimiento de Vehículos","occupation:cno11:7403","7403","Mecánicos y ajustadores de maquinaria agrícola e industrial","reviewed_relationship","https://www.todofp.es/que-estudiar/familias-profesionales/transporte-mantenimiento-vehiculos/electromecanica-maquinaria.html","Electromecánica / electromecánico de maquinaria agrícola.","2026-08-21","1.0.0"
"TMV05M","Mantenimiento de Material Rodante Ferroviario","intermediate","TMV","Transporte y Mantenimiento de Vehículos","occupation:cno11:7404","7404","Mecánicos y ajustadores de maquinaria naval y ferroviaria","reviewed_relationship","https://www.todofp.es/que-estudiar/familias-profesionales/transporte-mantenimiento-vehiculos/mnto-material-rodante-ferroviario.html","Técnica / técnico en mantenimiento de sistemas de tracción y motores.","2026-08-22","1.0.0"
